Point support group, Reactions, Ultimate - Load case: Egenlast - Repos
ID	x	y	z	Node	Fx'	Fy'	Fz'	Mx'	My'	Mz'	Fr	Mr	Case
[-]	[m]	[m]	[m]	[-]	[kN]	[kN]	[kN]	[kNm]	[kNm]	[kNm]	[kN]	[kNm]	[-]
PS.22	3.465	2.632	0.000	1295	0.000	0.000	-26.890	0.000	0.000	0.000	26.890	0.000	Egenlast - Repos

Point support group, Reactions, Ultimate - Load case: Fri permanent last
ID	x	y	z	Node	Fx'	Fy'	Fz'	Mx'	My'	Mz'	Fr	Mr	Case
[-]	[m]	[m]	[m]	[-]	[kN]	[kN]	[kN]	[kNm]	[kNm]	[kNm]	[kN]	[kNm]	[-]
PS.22	3.465	2.632	0.000	1295	0.000	0.000	-2.408	0.000	0.000	0.000	2.408	0.000	Fri permanent last

Point support group, Reactions, Ultimate - Load case: Nyttelast - Repos
ID	x	y	z	Node	Fx'	Fy'	Fz'	Mx'	My'	Mz'	Fr	Mr	Case
[-]	[m]	[m]	[m]	[-]	[kN]	[kN]	[kN]	[kNm]	[kNm]	[kNm]	[kN]	[kNm]	[-]
PS.22	3.465	2.632	0.000	1295	0.000	0.000	-12.040	0.000	0.000	0.000	12.040	0.000	Nyttelast - Repos

Point support group, Reactions, Ultimate - Load case: Egenlast - Linjelaster
ID	x	y	z	Node	Fx'	Fy'	Fz'	Mx'	My'	Mz'	Fr	Mr	Case
[-]	[m]	[m]	[m]	[-]	[kN]	[kN]	[kN]	[kNm]	[kNm]	[kNm]	[kN]	[kNm]	[-]
PS.22	3.465	2.632	0.000	1295	0.000	0.000	-14.267	0.000	0.000	0.000	14.267	0.000	Egenlast - Linjelaster

Point support group, Reactions, Ultimate - Load case: Nyttelast - Linjelaster
ID	x	y	z	Node	Fx'	Fy'	Fz'	Mx'	My'	Mz'	Fr	Mr	Case
[-]	[m]	[m]	[m]	[-]	[kN]	[kN]	[kN]	[kNm]	[kNm]	[kNm]	[kN]	[kNm]	[-]
PS.22	3.465	2.632	0.000	1295	0.000	0.000	-6.341	0.000	0.000	0.000	6.341	0.000	Nyttelast - Linjelaster

Point support group, Reactions, Ultimate - Load case: Egenlast - Punktlaster
ID	x	y	z	Node	Fx'	Fy'	Fz'	Mx'	My'	Mz'	Fr	Mr	Case
[-]	[m]	[m]	[m]	[-]	[kN]	[kN]	[kN]	[kNm]	[kNm]	[kNm]	[kN]	[kNm]	[-]
PS.22	3.465	2.632	0.000	1295	0.000	0.000	0.000	0.000	0.000	0.000	0.000	0.000	Egenlast - Punktlaster

Point support group, Reactions, Ultimate - Load case: Nyttelast - Punktlaster
ID	x	y	z	Node	Fx'	Fy'	Fz'	Mx'	My'	Mz'	Fr	Mr	Case
[-]	[m]	[m]	[m]	[-]	[kN]	[kN]	[kN]	[kNm]	[kNm]	[kNm]	[kN]	[kNm]	[-]
PS.22	3.465	2.632	0.000	1295	0.000	0.000	0.000	0.000	0.000	0.000	0.000	0.000	Nyttelast - Punktlaster

