Shell, Crack width, Load comb.: ULS (6.10a) - Dominerende egenlast
ID	Elem	Face	Width 1	Direction 1	Width 2	Direction 2
[-]	[-]	[-]	[m]	[°]	[m]	[°]

Shell, Crack width, Load comb.: ULS (6.10b) - Dominerende nyttelast
ID	Elem	Face	Width 1	Direction 1	Width 2	Direction 2
[-]	[-]	[-]	[m]	[°]	[m]	[°]

Shell, Crack width, Load comb.: SLS - Kvasi-permanent
ID	Elem	Face	Width 1	Direction 1	Width 2	Direction 2
[-]	[-]	[-]	[m]	[°]	[m]	[°]
Plate1.1.1	1	bottom	0.000	220.524	0.000	310.524
Plate1.1.1	1	top	0.000	117.688	0.000	207.688
Plate1.1.1	2	bottom	0.000	165.304	0.000	255.304
Plate1.1.1	2	top	0.000	262.096	0.000	352.096
Plate1.1.1	3	bottom	0.000	218.386	0.000	308.386
Plate1.1.1	3	top	0.000	115.325	0.000	205.325
Plate1.1.1	4	bottom	0.000	168.198	0.000	258.198
Plate1.1.1	4	top	0.000	263.933	0.000	353.933
Plate1.1.1	5	bottom	0.000	177.578	0.000	267.578
Plate1.1.1	5	top	0.000	268.794	0.000	358.794
Plate1.1.1	6	bottom	0.000	175.943	0.000	265.943
Plate1.1.1	6	top	0.000	267.992	0.000	357.992
Plate1.1.1	7	bottom	0.000	170.170	0.000	260.170
Plate1.1.1	7	top	0.000	265.046	0.000	355.046
Plate1.1.1	8	bottom	0.000	182.718	0.000	272.718
Plate1.1.1	8	top	0.000	91.331	0.000	181.331
Plate1.1.1	9	bottom	0.000	180.937	0.000	270.937
Plate1.1.1	9	top	0.000	90.463	0.000	180.463
Plate1.1.1	10	bottom	0.000	181.851	0.000	271.851
Plate1.1.1	10	top	0.000	90.909	0.000	180.909
Plate1.1.1	11	bottom	0.000	189.851	0.000	279.851
Plate1.1.1	11	top	0.000	94.773	0.000	184.773
Plate1.1.1	12	bottom	0.000	182.744	0.000	272.744
Plate1.1.1	12	top	0.000	91.339	0.000	181.339
Plate1.1.1	13	bottom	0.000	183.608	0.000	273.608
Plate1.1.1	13	top	0.000	91.731	0.000	181.731
Plate1.1.1	14	bottom	0.000	184.332	0.000	274.332
Plate1.1.1	14	top	0.000	92.076	0.000	182.076
Plate1.1.1	15	bottom	0.000	173.145	0.000	263.145
Plate1.1.1	15	top	0.000	266.666	0.000	356.666
Plate1.1.1	16	bottom	0.000	183.317	0.000	273.317
Plate1.1.1	16	top	0.000	91.605	0.000	181.605
Plate1.1.1	17	bottom	0.000	184.129	0.000	274.129
Plate1.1.1	17	top	0.000	91.979	0.000	181.979
Plate1.1.1	18	bottom	0.000	185.589	0.000	275.589
Plate1.1.1	18	top	0.000	92.681	0.000	182.681
Plate1.1.1	19	bottom	0.000	186.187	0.000	276.187
Plate1.1.1	19	top	0.000	92.970	0.000	182.970
Plate1.1.1	20	bottom	0.000	183.722	0.000	273.722
Plate1.1.1	20	top	0.000	91.784	0.000	181.784
Plate1.1.1	21	bottom	0.000	183.531	0.000	273.531
Plate1.1.1	21	top	0.000	91.695	0.000	181.695
Plate1.1.1	22	bottom	0.000	183.393	0.000	273.393
Plate1.1.1	22	top	0.000	91.637	0.000	181.637
Plate1.1.1	23	bottom	0.000	183.478	0.000	273.478
Plate1.1.1	23	top	0.000	91.672	0.000	181.672
Plate1.1.1	24	bottom	0.000	183.146	0.000	273.146
Plate1.1.1	24	top	0.000	91.528	0.000	181.528
Plate1.1.1	25	bottom	0.000	185.138	0.000	275.138
Plate1.1.1	25	top	0.000	92.463	0.000	182.463
Plate1.1.1	26	bottom	0.000	183.436	0.000	273.436
Plate1.1.1	26	top	0.000	91.655	0.000	181.655
Plate1.1.1	27	bottom	0.000	183.896	0.000	273.896
Plate1.1.1	27	top	0.000	91.868	0.000	181.868
Plate1.1.1	28	bottom	0.000	187.000	0.000	277.000
Plate1.1.1	28	top	0.000	93.366	0.000	183.366
Plate1.1.1	29	bottom	0.000	188.149	0.000	278.149
Plate1.1.1	29	top	0.000	93.929	0.000	183.929
Plate1.1.1	30	bottom	0.000	184.532	0.000	274.532
Plate1.1.1	30	top	0.000	92.172	0.000	182.172
Plate1.1.1	31	bottom	0.000	184.794	0.000	274.794
Plate1.1.1	31	top	0.000	92.297	0.000	182.297
Plate1.1.1	32	bottom	0.000	189.744	0.000	279.744
Plate1.1.1	32	top	0.000	94.722	0.000	184.722
Plate1.1.1	33	bottom	0.000	183.684	0.000	273.684
Plate1.1.1	33	top	0.000	91.779	0.000	181.779
Plate1.1.1	34	bottom	0.000	163.817	0.000	253.817
Plate1.1.1	34	top	0.000	261.390	0.000	351.390
Plate1.1.1	35	bottom	0.000	168.556	0.000	258.556
Plate1.1.1	35	top	0.000	263.996	0.000	353.996
Plate1.1.1	36	bottom	0.000	183.728	0.000	273.728
Plate1.1.1	36	top	0.000	91.787	0.000	181.787
Plate1.1.1	37	bottom	0.000	184.183	0.000	274.183
Plate1.1.1	37	top	0.000	92.004	0.000	182.004
Plate1.1.1	38	bottom	0.000	183.655	0.000	273.655
Plate1.1.1	38	top	0.000	91.755	0.000	181.755
Plate1.1.1	39	bottom	0.000	183.673	0.000	273.673
Plate1.1.1	39	top	0.000	91.770	0.000	181.770
Plate1.1.1	40	bottom	0.000	185.162	0.000	275.162
Plate1.1.1	40	top	0.000	92.474	0.000	182.474
Plate1.1.1	41	bottom	0.000	183.657	0.000	273.657
Plate1.1.1	41	top	0.000	91.759	0.000	181.759
Plate1.1.1	42	bottom	0.000	184.823	0.000	274.823
Plate1.1.1	42	top	0.000	92.311	0.000	182.311
Plate1.1.1	43	bottom	0.000	185.606	0.000	275.606
Plate1.1.1	43	top	0.000	92.688	0.000	182.688
Plate1.1.1	44	bottom	0.000	183.676	0.000	273.676
Plate1.1.1	44	top	0.000	91.764	0.000	181.764
Plate1.1.1	45	bottom	0.000	184.373	0.000	274.373
Plate1.1.1	45	top	0.000	92.095	0.000	182.095
Plate1.1.1	46	bottom	0.000	183.972	0.000	273.972
Plate1.1.1	46	top	0.000	91.903	0.000	181.903
Plate1.1.1	47	bottom	0.000	183.820	0.000	273.820
Plate1.1.1	47	top	0.000	91.831	0.000	181.831
Plate1.1.1	48	bottom	0.000	186.990	0.000	276.990
Plate1.1.1	48	top	0.000	93.361	0.000	183.361
Plate1.1.1	49	bottom	0.000	186.194	0.000	276.194
Plate1.1.1	49	top	0.000	92.973	0.000	182.973
Plate1.1.1	50	bottom	0.000	183.640	0.000	273.640
Plate1.1.1	50	top	0.000	91.764	0.000	181.764
Plate1.1.1	51	bottom	0.000	188.106	0.000	278.106
Plate1.1.1	51	top	0.000	93.908	0.000	183.908
Plate1.1.1	52	bottom	0.000	161.645	0.000	251.645
Plate1.1.1	52	top	0.000	260.577	0.000	350.577
Plate1.1.1	53	bottom	0.000	181.960	0.000	271.960
Plate1.1.1	53	top	0.000	90.985	0.000	180.985
Plate1.1.1	54	bottom	0.000	184.566	0.000	274.566
Plate1.1.1	54	top	0.000	92.188	0.000	182.188
Plate1.1.1	55	bottom	0.000	205.469	0.000	295.469
Plate1.1.1	55	top	0.000	103.340	0.000	193.340
Plate1.1.1	56	bottom	0.000	183.419	0.000	273.419
Plate1.1.1	56	top	0.000	91.664	0.000	181.664
Plate1.1.1	57	bottom	0.000	152.029	0.000	242.029
Plate1.1.1	57	top	0.000	254.035	0.000	344.035
Plate1.1.1	58	bottom	0.000	164.892	0.000	254.892
Plate1.1.1	58	top	0.000	262.031	0.000	352.031
Plate1.1.1	59	bottom	0.000	169.448	0.000	259.448
Plate1.1.1	59	top	0.000	264.518	0.000	354.518
Plate1.1.1	60	bottom	0.000	188.147	0.000	278.147
Plate1.1.1	60	top	0.000	93.927	0.000	183.927
Plate1.1.1	61	bottom	0.000	159.262	0.000	249.262
Plate1.1.1	61	top	0.000	258.760	0.000	348.760
Plate1.1.1	62	bottom	0.000	179.627	0.000	269.627
Plate1.1.1	62	top	0.000	269.816	0.000	359.816
Plate1.1.1	63	bottom	0.000	182.907	0.000	272.907
Plate1.1.1	63	top	0.000	91.407	0.000	181.407
Plate1.1.1	64	bottom	0.000	181.176	0.000	271.176
Plate1.1.1	64	top	0.000	90.576	0.000	180.576
Plate1.1.1	65	bottom	0.000	182.112	0.000	272.112
Plate1.1.1	65	top	0.000	91.031	0.000	181.031
Plate1.1.1	66	bottom	0.000	183.469	0.000	273.469
Plate1.1.1	66	top	0.000	91.665	0.000	181.665
Plate1.1.1	67	bottom	0.000	183.070	0.000	273.070
Plate1.1.1	67	top	0.000	91.482	0.000	181.482
Plate1.1.1	68	bottom	0.000	183.270	0.000	273.270
Plate1.1.1	68	top	0.000	91.573	0.000	181.573
Plate1.1.1	69	bottom	0.000	183.179	0.000	273.179
Plate1.1.1	69	top	0.000	91.531	0.000	181.531
Plate1.1.1	70	bottom	0.000	184.056	0.000	274.056
Plate1.1.1	70	top	0.000	91.944	0.000	181.944
Plate1.1.1	71	bottom	0.000	184.271	0.000	274.271
Plate1.1.1	71	top	0.000	92.047	0.000	182.047
Plate1.1.1	72	bottom	0.000	183.607	0.000	273.607
Plate1.1.1	72	top	0.000	91.730	0.000	181.730
Plate1.1.1	73	bottom	0.000	183.362	0.000	273.362
Plate1.1.1	73	top	0.000	91.615	0.000	181.615
Plate1.1.1	74	bottom	0.000	182.628	0.000	272.628
Plate1.1.1	74	top	0.000	91.277	0.000	181.277
Plate1.1.1	75	bottom	0.000	186.163	0.000	276.163
Plate1.1.1	75	top	0.000	92.959	0.000	182.959
Plate1.1.1	76	bottom	0.000	185.102	0.000	275.102
Plate1.1.1	76	top	0.000	92.446	0.000	182.446
Plate1.1.1	77	bottom	0.000	183.804	0.000	273.804
Plate1.1.1	77	top	0.000	91.824	0.000	181.824
Plate1.1.1	78	bottom	0.000	184.751	0.000	274.751
Plate1.1.1	78	top	0.000	92.277	0.000	182.277
Plate1.1.1	79	bottom	0.000	185.559	0.000	275.559
Plate1.1.1	79	top	0.000	92.666	0.000	182.666
Plate1.1.1	80	bottom	0.000	184.481	0.000	274.481
Plate1.1.1	80	top	0.000	92.147	0.000	182.147
Plate1.1.1	81	bottom	0.000	186.984	0.000	276.984
Plate1.1.1	81	top	0.000	93.358	0.000	183.358
Plate1.1.1	82	bottom	0.000	189.882	0.000	279.882
Plate1.1.1	82	top	0.000	94.784	0.000	184.784
Plate1.1.1	83	bottom	0.000	166.990	0.000	256.990
Plate1.1.1	83	top	0.000	263.148	0.000	353.148
Plate1.1.1	84	bottom	0.000	158.302	0.000	248.302
Plate1.1.1	84	top	0.000	258.132	0.000	348.132
Plate1.1.1	85	bottom	0.000	152.466	0.000	242.466
Plate1.1.1	85	top	0.000	254.521	0.000	344.521
Plate1.1.1	86	bottom	0.000	174.285	0.000	264.285
Plate1.1.1	86	top	0.000	267.239	0.000	357.239
Plate1.1.1	87	bottom	0.000	178.879	0.000	268.879
Plate1.1.1	87	top	0.000	269.436	0.000	359.436
Plate1.1.1	88	bottom	0.000	166.656	0.000	256.656
Plate1.1.1	88	top	0.000	263.302	0.000	353.302
Plate1.1.1	89	bottom	0.000	178.058	0.000	268.058
Plate1.1.1	89	top	0.000	269.066	0.000	359.066
Plate1.1.1	90	bottom	0.000	180.703	0.000	270.703
Plate1.1.1	90	top	0.000	90.343	0.000	180.343
Plate1.1.1	91	bottom	0.000	179.388	0.000	269.388
Plate1.1.1	91	top	0.000	269.700	0.000	359.700
Plate1.1.1	92	bottom	0.000	181.596	0.000	271.596
Plate1.1.1	92	top	0.000	90.777	0.000	180.777
Plate1.1.1	93	bottom	0.000	182.516	0.000	272.516
Plate1.1.1	93	top	0.000	91.217	0.000	181.217
Plate1.1.1	94	bottom	0.000	182.161	0.000	272.161
Plate1.1.1	94	top	0.000	91.048	0.000	181.048
Plate1.1.1	95	bottom	0.000	182.752	0.000	272.752
Plate1.1.1	95	top	0.000	91.327	0.000	181.327
Plate1.1.1	96	bottom	0.000	182.924	0.000	272.924
Plate1.1.1	96	top	0.000	91.407	0.000	181.407
Plate1.1.1	97	bottom	0.000	183.065	0.000	273.065
Plate1.1.1	97	top	0.000	91.473	0.000	181.473
Plate1.1.1	98	bottom	0.000	183.334	0.000	273.334
Plate1.1.1	98	top	0.000	91.599	0.000	181.599
Plate1.1.1	99	bottom	0.000	183.196	0.000	273.196
Plate1.1.1	99	top	0.000	91.534	0.000	181.534
Plate1.1.1	100	bottom	0.000	183.495	0.000	273.495
Plate1.1.1	100	top	0.000	91.675	0.000	181.675
Plate1.1.1	101	bottom	0.000	183.711	0.000	273.711
Plate1.1.1	101	top	0.000	91.778	0.000	181.778
Plate1.1.1	102	bottom	0.000	183.977	0.000	273.977
Plate1.1.1	102	top	0.000	91.906	0.000	181.906
Plate1.1.1	103	bottom	0.000	184.204	0.000	274.204
Plate1.1.1	103	top	0.000	92.014	0.000	182.014
Plate1.1.1	104	bottom	0.000	184.705	0.000	274.705
Plate1.1.1	104	top	0.000	92.254	0.000	182.254
Plate1.1.1	105	bottom	0.000	184.425	0.000	274.425
Plate1.1.1	105	top	0.000	92.120	0.000	182.120
Plate1.1.1	106	bottom	0.000	185.064	0.000	275.064
Plate1.1.1	106	top	0.000	92.427	0.000	182.427
Plate1.1.1	107	bottom	0.000	185.525	0.000	275.525
Plate1.1.1	107	top	0.000	92.649	0.000	182.649
Plate1.1.1	108	bottom	0.000	186.130	0.000	276.130
Plate1.1.1	108	top	0.000	92.942	0.000	182.942
Plate1.1.1	109	bottom	0.000	169.837	0.000	259.837
Plate1.1.1	109	top	0.000	264.789	0.000	354.789
Plate1.1.1	110	bottom	0.000	186.947	0.000	276.947
Plate1.1.1	110	top	0.000	93.339	0.000	183.339
Plate1.1.1	111	bottom	0.000	188.100	0.000	278.100
Plate1.1.1	111	top	0.000	93.902	0.000	183.902
Plate1.1.1	112	bottom	0.000	177.589	0.000	267.589
Plate1.1.1	112	top	0.000	268.806	0.000	358.806
Plate1.1.1	113	bottom	0.000	176.055	0.000	266.055
Plate1.1.1	113	top	0.000	268.107	0.000	358.107
Plate1.1.1	114	bottom	0.000	175.813	0.000	265.813
Plate1.1.1	114	top	0.000	267.900	0.000	357.900
Plate1.1.1	115	bottom	0.000	177.683	0.000	267.683
Plate1.1.1	115	top	0.000	268.863	0.000	358.863
Plate1.1.1	116	bottom	0.000	177.163	0.000	267.163
Plate1.1.1	116	top	0.000	268.640	0.000	358.640
Plate1.1.1	117	bottom	0.000	176.147	0.000	266.147
Plate1.1.1	117	top	0.000	268.156	0.000	358.156
Plate1.1.1	118	bottom	0.000	178.171	0.000	268.171
Plate1.1.1	118	top	0.000	269.116	0.000	359.116
Plate1.1.1	119	bottom	0.000	175.674	0.000	265.674
Plate1.1.1	119	top	0.000	267.921	0.000	357.921
Plate1.1.1	120	bottom	0.000	183.739	0.000	273.739
Plate1.1.1	120	top	0.000	91.787	0.000	181.787
Plate1.1.1	121	bottom	0.000	175.243	0.000	265.243
Plate1.1.1	121	top	0.000	267.713	0.000	357.713
Plate1.1.1	122	bottom	0.000	182.515	0.000	272.515
Plate1.1.1	122	top	0.000	91.201	0.000	181.201
Plate1.1.1	123	bottom	0.000	183.385	0.000	273.385
Plate1.1.1	123	top	0.000	91.619	0.000	181.619
Plate1.1.1	124	bottom	0.000	183.882	0.000	273.882
Plate1.1.1	124	top	0.000	91.859	0.000	181.859
Plate1.1.1	125	bottom	0.000	182.984	0.000	272.984
Plate1.1.1	125	top	0.000	91.427	0.000	181.427
Plate1.1.1	126	bottom	0.000	185.751	0.000	275.751
Plate1.1.1	126	top	0.000	92.757	0.000	182.757
Plate1.1.1	127	bottom	0.000	182.692	0.000	272.692
Plate1.1.1	127	top	0.000	91.293	0.000	181.293
Plate1.1.1	128	bottom	0.000	182.719	0.000	272.719
Plate1.1.1	128	top	0.000	91.298	0.000	181.298
Plate1.1.1	129	bottom	0.000	175.869	0.000	265.869
Plate1.1.1	129	top	0.000	268.020	0.000	358.020
Plate1.1.1	130	bottom	0.000	180.783	0.000	270.783
Plate1.1.1	130	top	0.000	90.374	0.000	180.374
Plate1.1.1	131	bottom	0.000	183.383	0.000	273.383
Plate1.1.1	131	top	0.000	91.620	0.000	181.620
Plate1.1.1	132	bottom	0.000	184.116	0.000	274.116
Plate1.1.1	132	top	0.000	91.971	0.000	181.971
Plate1.1.1	133	bottom	0.000	181.697	0.000	271.697
Plate1.1.1	133	top	0.000	90.810	0.000	180.810
Plate1.1.1	134	bottom	0.000	183.040	0.000	273.040
Plate1.1.1	134	top	0.000	91.457	0.000	181.457
Plate1.1.1	135	bottom	0.000	185.001	0.000	275.001
Plate1.1.1	135	top	0.000	92.396	0.000	182.396
Plate1.1.1	136	bottom	0.000	182.631	0.000	272.631
Plate1.1.1	136	top	0.000	91.259	0.000	181.259
Plate1.1.1	137	bottom	0.000	184.106	0.000	274.106
Plate1.1.1	137	top	0.000	91.964	0.000	181.964
Plate1.1.1	138	bottom	0.000	182.181	0.000	272.181
Plate1.1.1	138	top	0.000	91.051	0.000	181.051
Plate1.1.1	139	bottom	0.000	183.609	0.000	273.609
Plate1.1.1	139	top	0.000	91.728	0.000	181.728
Plate1.1.1	140	bottom	0.000	182.470	0.000	272.470
Plate1.1.1	140	top	0.000	91.188	0.000	181.188
Plate1.1.1	141	bottom	0.000	184.390	0.000	274.390
Plate1.1.1	141	top	0.000	92.101	0.000	182.101
Plate1.1.1	142	bottom	0.000	176.001	0.000	266.001
Plate1.1.1	142	top	0.000	268.065	0.000	358.065
Plate1.1.1	143	bottom	0.000	181.026	0.000	271.026
Plate1.1.1	143	top	0.000	90.490	0.000	180.490
Plate1.1.1	144	bottom	0.000	182.348	0.000	272.348
Plate1.1.1	144	top	0.000	91.121	0.000	181.121
Plate1.1.1	145	bottom	0.000	176.828	0.000	266.828
Plate1.1.1	145	top	0.000	268.485	0.000	358.485
Plate1.1.1	146	bottom	0.000	181.930	0.000	271.930
Plate1.1.1	146	top	0.000	90.921	0.000	180.921
Plate1.1.1	147	bottom	0.000	177.992	0.000	267.992
Plate1.1.1	147	top	0.000	269.041	0.000	359.041
Plate1.1.1	148	bottom	0.000	175.545	0.000	265.545
Plate1.1.1	148	top	0.000	267.842	0.000	357.842
Plate1.1.1	149	bottom	0.000	176.403	0.000	266.403
Plate1.1.1	149	top	0.000	268.270	0.000	358.270
Plate1.1.1	150	bottom	0.000	183.304	0.000	273.304
Plate1.1.1	150	top	0.000	91.578	0.000	181.578
Plate1.1.1	151	bottom	0.000	179.026	0.000	269.026
Plate1.1.1	151	top	0.000	269.534	0.000	359.534
Plate1.1.1	152	bottom	0.000	174.743	0.000	264.743
Plate1.1.1	152	top	0.000	267.439	0.000	357.439
Plate1.1.1	153	bottom	0.000	176.630	0.000	266.630
Plate1.1.1	153	top	0.000	268.379	0.000	358.379
Plate1.1.1	154	bottom	0.000	181.463	0.000	271.463
Plate1.1.1	154	top	0.000	90.703	0.000	180.703
Plate1.1.1	155	bottom	0.000	176.466	0.000	266.466
Plate1.1.1	155	top	0.000	0.000	0.000	0.000
Plate1.1.1	156	bottom	0.000	183.166	0.000	273.166
Plate1.1.1	156	top	0.000	91.515	0.000	181.515
Plate1.1.1	157	bottom	0.000	186.061	0.000	276.061
Plate1.1.1	157	top	0.000	92.908	0.000	182.908
Plate1.1.1	158	bottom	0.000	178.111	0.000	268.111
Plate1.1.1	158	top	0.000	269.097	0.000	359.097
Plate1.1.1	159	bottom	0.000	178.001	0.000	268.001
Plate1.1.1	159	top	0.000	269.046	0.000	359.046
Plate1.1.1	160	bottom	0.000	177.882	0.000	267.882
Plate1.1.1	160	top	0.000	268.988	0.000	358.988
Plate1.1.1	161	bottom	0.000	185.462	0.000	275.462
Plate1.1.1	161	top	0.000	92.619	0.000	182.619
Plate1.1.1	162	bottom	0.000	177.506	0.000	267.506
Plate1.1.1	162	top	0.000	268.806	0.000	358.806
Plate1.1.1	163	bottom	0.000	175.098	0.000	265.098
Plate1.1.1	163	top	0.000	267.577	0.000	357.577
Plate1.1.1	164	bottom	0.000	182.208	0.000	272.208
Plate1.1.1	164	top	0.000	91.054	0.000	181.054
Plate1.1.1	165	bottom	0.000	176.736	0.000	266.736
Plate1.1.1	165	top	0.000	268.437	0.000	358.437
Plate1.1.1	166	bottom	0.000	177.231	0.000	267.231
Plate1.1.1	166	top	0.000	268.658	0.000	358.658
Plate1.1.1	167	bottom	0.000	178.150	0.000	268.150
Plate1.1.1	167	top	0.000	0.000	0.000	0.000
Plate1.1.1	168	bottom	0.000	178.005	0.000	268.005
Plate1.1.1	168	top	0.000	269.047	0.000	359.047
Plate1.1.1	169	bottom	0.000	183.643	0.000	273.643
Plate1.1.1	169	top	0.000	91.742	0.000	181.742
Plate1.1.1	170	bottom	0.000	182.428	0.000	272.428
Plate1.1.1	170	top	0.000	91.163	0.000	181.163
Plate1.1.1	171	bottom	0.000	183.872	0.000	273.872
Plate1.1.1	171	top	0.000	91.852	0.000	181.852
Plate1.1.1	172	bottom	0.000	180.467	0.000	270.467
Plate1.1.1	172	top	0.000	90.223	0.000	180.223
Plate1.1.1	173	bottom	0.000	176.245	0.000	266.245
Plate1.1.1	173	top	0.000	268.207	0.000	358.207
Plate1.1.1	174	bottom	0.000	176.245	0.000	266.245
Plate1.1.1	174	top	0.000	268.200	0.000	358.200
Plate1.1.1	175	bottom	0.000	185.184	0.000	275.184
Plate1.1.1	175	top	0.000	92.483	0.000	182.483
Plate1.1.1	176	bottom	0.000	177.870	0.000	267.870
Plate1.1.1	176	top	0.000	0.000	0.000	0.000
Plate1.1.1	177	bottom	0.000	184.637	0.000	274.637
Plate1.1.1	177	top	0.000	92.221	0.000	182.221
Plate1.1.1	178	bottom	0.000	182.811	0.000	272.811
Plate1.1.1	178	top	0.000	91.345	0.000	181.345
Plate1.1.1	179	bottom	0.000	176.549	0.000	266.549
Plate1.1.1	179	top	0.000	268.311	0.000	358.311
Plate1.1.1	180	bottom	0.000	178.229	0.000	268.229
Plate1.1.1	180	top	0.000	269.145	0.000	359.145
Plate1.1.1	181	bottom	0.000	176.779	0.000	266.779
Plate1.1.1	181	top	0.000	268.455	0.000	358.455
Plate1.1.1	182	bottom	0.000	177.232	0.000	267.232
Plate1.1.1	182	top	0.000	268.670	0.000	358.670
Plate1.1.1	183	bottom	0.000	177.177	0.000	267.177
Plate1.1.1	183	top	0.000	268.639	0.000	358.639
Plate1.1.1	184	bottom	0.000	178.492	0.000	268.492
Plate1.1.1	184	top	0.000	269.279	0.000	359.279
Plate1.1.1	185	bottom	0.000	180.914	0.000	270.914
Plate1.1.1	185	top	0.000	90.440	0.000	180.440
Plate1.1.1	186	bottom	0.000	175.360	0.000	265.360
Plate1.1.1	186	top	0.000	267.764	0.000	357.764
Plate1.1.1	187	bottom	0.000	181.805	0.000	271.805
Plate1.1.1	187	top	0.000	90.861	0.000	180.861
Plate1.1.1	188	bottom	0.000	182.184	0.000	272.184
Plate1.1.1	188	top	0.000	91.047	0.000	181.047
Plate1.1.1	189	bottom	0.000	180.388	0.000	270.388
Plate1.1.1	189	top	0.000	90.189	0.000	180.189
Plate1.1.1	190	bottom	0.000	176.692	0.000	266.692
Plate1.1.1	190	top	0.000	268.418	0.000	358.418
Plate1.1.1	191	bottom	0.000	176.193	0.000	266.193
Plate1.1.1	191	top	0.000	268.180	0.000	358.180
Plate1.1.1	192	bottom	0.000	179.574	0.000	269.574
Plate1.1.1	192	top	0.000	269.796	0.000	359.796
Plate1.1.1	193	bottom	0.000	182.875	0.000	272.875
Plate1.1.1	193	top	0.000	91.379	0.000	181.379
Plate1.1.1	194	bottom	0.000	181.873	0.000	271.873
Plate1.1.1	194	top	0.000	90.899	0.000	180.899
Plate1.1.1	195	bottom	0.000	177.949	0.000	267.949
Plate1.1.1	195	top	0.000	269.001	0.000	359.001
Plate1.1.1	196	bottom	0.000	181.205	0.000	271.205
Plate1.1.1	196	top	0.000	90.584	0.000	180.584
Plate1.1.1	197	bottom	0.000	179.288	0.000	269.288
Plate1.1.1	197	top	0.000	269.654	0.000	359.654
Plate1.1.1	198	bottom	0.000	182.071	0.000	272.071
Plate1.1.1	198	top	0.000	90.989	0.000	180.989
Plate1.1.1	199	bottom	0.000	179.280	0.000	269.280
Plate1.1.1	199	top	0.000	269.653	0.000	359.653
Plate1.1.1	200	bottom	0.000	180.190	0.000	270.190
Plate1.1.1	200	top	0.000	90.092	0.000	180.092
Plate1.1.1	201	bottom	0.000	176.566	0.000	266.566
Plate1.1.1	201	top	0.000	268.330	0.000	358.330
Plate1.1.1	202	bottom	0.000	182.975	0.000	272.975
Plate1.1.1	202	top	0.000	91.421	0.000	181.421
Plate1.1.1	203	bottom	0.000	183.204	0.000	273.204
Plate1.1.1	203	top	0.000	91.535	0.000	181.535
Plate1.1.1	204	bottom	0.000	180.064	0.000	270.064
Plate1.1.1	204	top	0.000	90.030	0.000	180.030
Plate1.1.1	205	bottom	0.000	181.779	0.000	271.779
Plate1.1.1	205	top	0.000	90.860	0.000	180.860
Plate1.1.1	206	bottom	0.000	181.484	0.000	271.484
Plate1.1.1	206	top	0.000	90.708	0.000	180.708
Plate1.1.1	207	bottom	0.000	181.213	0.000	271.213
Plate1.1.1	207	top	0.000	90.579	0.000	180.579
Plate1.1.1	208	bottom	0.000	184.742	0.000	274.742
Plate1.1.1	208	top	0.000	92.270	0.000	182.270
Plate1.1.1	209	bottom	0.000	181.361	0.000	271.361
Plate1.1.1	209	top	0.000	90.650	0.000	180.650
Plate1.1.1	210	bottom	0.000	184.348	0.000	274.348
Plate1.1.1	210	top	0.000	92.082	0.000	182.082
Plate1.1.1	211	bottom	0.000	181.593	0.000	271.593
Plate1.1.1	211	top	0.000	90.760	0.000	180.760
Plate1.1.1	212	bottom	0.000	186.503	0.000	276.503
Plate1.1.1	212	top	0.000	93.122	0.000	183.122
Plate1.1.1	213	bottom	0.000	186.862	0.000	276.862
Plate1.1.1	213	top	0.000	93.297	0.000	183.297
Plate1.1.1	214	bottom	0.000	172.835	0.000	262.835
Plate1.1.1	214	top	0.000	266.483	0.000	356.483
Plate1.1.1	215	bottom	0.000	172.903	0.000	262.903
Plate1.1.1	215	top	0.000	266.456	0.000	356.456
Plate1.1.1	216	bottom	0.000	174.368	0.000	264.368
Plate1.1.1	216	top	0.000	267.269	0.000	357.269
Plate1.1.1	217	bottom	0.000	204.484	0.000	294.484
Plate1.1.1	217	top	0.000	102.936	0.000	192.936
Plate1.1.1	218	bottom	0.000	178.388	0.000	268.388
Plate1.1.1	218	top	0.000	269.212	0.000	359.212
Plate1.1.1	219	bottom	0.000	173.203	0.000	263.203
Plate1.1.1	219	top	0.000	266.554	0.000	356.554
Plate1.1.1	220	bottom	0.000	169.942	0.000	259.942
Plate1.1.1	220	top	0.000	264.923	0.000	354.923
Plate1.1.1	221	bottom	0.000	174.517	0.000	264.517
Plate1.1.1	221	top	0.000	267.323	0.000	357.323
Plate1.1.1	222	bottom	0.000	189.640	0.000	279.640
Plate1.1.1	222	top	0.000	94.659	0.000	184.659
Plate1.1.1	223	bottom	0.000	175.869	0.000	265.869
Plate1.1.1	223	top	0.000	267.975	0.000	357.975
Plate1.1.1	224	bottom	0.000	187.542	0.000	277.542
Plate1.1.1	224	top	0.000	93.628	0.000	183.628
Plate1.1.1	225	bottom	0.000	187.980	0.000	277.980
Plate1.1.1	225	top	0.000	93.843	0.000	183.843
Plate1.1.1	226	bottom	0.000	170.209	0.000	260.209
Plate1.1.1	226	top	0.000	265.150	0.000	355.150
Plate1.1.1	227	bottom	0.000	184.339	0.000	274.339
Plate1.1.1	227	top	0.000	92.075	0.000	182.075
Plate1.1.1	228	bottom	0.000	174.127	0.000	264.127
Plate1.1.1	228	top	0.000	267.168	0.000	357.168
Plate1.1.1	229	bottom	0.000	192.294	0.000	282.294
Plate1.1.1	229	top	0.000	96.022	0.000	186.022
Plate1.1.1	230	bottom	0.000	179.590	0.000	269.590
Plate1.1.1	230	top	0.000	269.801	0.000	359.801
Plate1.1.1	231	bottom	0.000	176.537	0.000	266.537
Plate1.1.1	231	top	0.000	268.237	0.000	358.237
Plate1.1.1	232	bottom	0.000	180.108	0.000	270.108
Plate1.1.1	232	top	0.000	90.053	0.000	180.053
Plate1.1.1	233	bottom	0.000	189.823	0.000	279.823
Plate1.1.1	233	top	0.000	94.751	0.000	184.751
Plate1.1.1	234	bottom	0.000	189.060	0.000	279.060
Plate1.1.1	234	top	0.000	94.373	0.000	184.373
Plate1.1.1	235	bottom	0.000	143.023	0.000	233.023
Plate1.1.1	235	top	0.000	247.153	0.000	337.153
Plate1.1.1	236	bottom	0.000	173.311	0.000	263.311
Plate1.1.1	236	top	0.000	266.560	0.000	356.560
Plate1.1.1	237	bottom	0.000	173.054	0.000	263.054
Plate1.1.1	237	top	0.000	266.607	0.000	356.607
Plate1.1.1	238	bottom	0.000	177.453	0.000	267.453
Plate1.1.1	238	top	0.000	268.742	0.000	358.742
Plate1.1.1	239	bottom	0.000	143.089	0.000	233.089
Plate1.1.1	239	top	0.000	246.687	0.000	336.687
Plate1.1.1	240	bottom	0.000	192.518	0.000	282.518
Plate1.1.1	240	top	0.000	96.128	0.000	186.128
Plate1.1.1	241	bottom	0.000	179.962	0.000	269.962
Plate1.1.1	241	top	0.000	269.981	0.000	359.981
Plate1.1.1	242	bottom	0.000	152.871	0.000	242.871
Plate1.1.1	242	top	0.000	255.039	0.000	345.039
Plate1.1.1	243	bottom	0.000	166.021	0.000	256.021
Plate1.1.1	243	top	0.000	262.840	0.000	352.840
Plate1.1.1	244	bottom	0.000	197.193	0.000	287.193
Plate1.1.1	244	top	0.000	98.578	0.000	188.578
Plate1.1.1	245	bottom	0.000	185.212	0.000	275.212
Plate1.1.1	245	top	0.000	92.495	0.000	182.495
Plate1.1.1	246	bottom	0.000	173.257	0.000	263.257
Plate1.1.1	246	top	0.000	266.680	0.000	356.680
Plate1.1.1	247	bottom	0.000	159.999	0.000	249.999
Plate1.1.1	247	top	0.000	259.313	0.000	349.313
Plate1.1.1	248	bottom	0.000	204.972	0.000	294.972
Plate1.1.1	248	top	0.000	103.139	0.000	193.139
Plate1.1.1	249	bottom	0.000	165.581	0.000	255.581
Plate1.1.1	249	top	0.000	262.494	0.000	352.494
Plate1.1.1	250	bottom	0.000	143.198	0.000	233.198
Plate1.1.1	250	top	0.000	246.981	0.000	336.981
Plate1.1.1	251	bottom	0.000	175.964	0.000	265.964
Plate1.1.1	251	top	0.000	268.055	0.000	358.055
Plate1.1.1	252	bottom	0.000	175.920	0.000	265.920
Plate1.1.1	252	top	0.000	268.016	0.000	358.016
Plate1.1.1	253	bottom	0.000	197.282	0.000	287.282
Plate1.1.1	253	top	0.000	98.588	0.000	188.588
Plate1.1.1	254	bottom	0.000	171.974	0.000	261.974
Plate1.1.1	254	top	0.000	266.111	0.000	356.111
Plate1.1.1	255	bottom	0.000	162.325	0.000	252.325
Plate1.1.1	255	top	0.000	260.575	0.000	350.575
Plate1.1.1	256	bottom	0.000	192.577	0.000	282.577
Plate1.1.1	256	top	0.000	96.131	0.000	186.131
Plate1.1.1	257	bottom	0.000	191.480	0.000	281.480
Plate1.1.1	257	top	0.000	95.574	0.000	185.574
Plate1.1.1	258	bottom	0.000	192.621	0.000	282.621
Plate1.1.1	258	top	0.000	96.166	0.000	186.166
Plate1.1.1	259	bottom	0.000	142.590	0.000	232.590
Plate1.1.1	259	top	0.000	247.682	0.000	337.682
Plate1.1.1	260	bottom	0.000	197.039	0.000	287.039
Plate1.1.1	260	top	0.000	98.430	0.000	188.430
Plate1.1.1	261	bottom	0.000	175.057	0.000	265.057
Plate1.1.1	261	top	0.000	267.558	0.000	357.558
Plate1.1.1	262	bottom	0.000	154.060	0.000	244.060
Plate1.1.1	262	top	0.000	256.053	0.000	346.053
Plate1.1.1	263	bottom	0.000	192.311	0.000	282.311
Plate1.1.1	263	top	0.000	95.990	0.000	185.990
Plate1.1.1	264	bottom	0.000	205.793	0.000	295.793
Plate1.1.1	264	top	0.000	103.431	0.000	193.431
Plate1.1.1	265	bottom	0.000	195.851	0.000	285.851
Plate1.1.1	265	top	0.000	97.804	0.000	187.804
Plate1.1.1	266	bottom	0.000	146.351	0.000	236.351
Plate1.1.1	266	top	0.000	251.402	0.000	341.402
Plate1.1.1	267	bottom	0.000	160.622	0.000	250.622
Plate1.1.1	267	top	0.000	259.828	0.000	349.828
Plate1.1.1	268	bottom	0.000	196.942	0.000	286.942
Plate1.1.1	268	top	0.000	98.480	0.000	188.480
Plate1.1.1	269	bottom	0.000	171.480	0.000	261.480
Plate1.1.1	269	top	0.000	265.798	0.000	355.798
Plate1.1.1	270	bottom	0.000	204.794	0.000	294.794
Plate1.1.1	270	top	0.000	102.758	0.000	192.758
Plate1.1.1	271	bottom	0.000	142.502	0.000	232.502
Plate1.1.1	271	top	0.000	247.145	0.000	337.145
Plate1.1.1	272	bottom	0.000	172.951	0.000	262.951
Plate1.1.1	272	top	0.000	266.331	0.000	356.331
Plate1.1.1	273	bottom	0.000	179.144	0.000	269.144
Plate1.1.1	273	top	0.000	269.586	0.000	359.586
Plate1.1.1	274	bottom	0.000	151.428	0.000	241.428
Plate1.1.1	274	top	0.000	253.525	0.000	343.525
Plate1.1.1	275	bottom	0.000	157.163	0.000	247.163
Plate1.1.1	275	top	0.000	257.479	0.000	347.479
Plate1.1.1	276	bottom	0.000	171.797	0.000	261.797
Plate1.1.1	276	top	0.000	265.697	0.000	355.697
Plate1.1.1	277	bottom	0.000	177.022	0.000	267.022
Plate1.1.1	277	top	0.000	268.461	0.000	358.461
Plate1.1.1	278	bottom	0.000	177.364	0.000	267.364
Plate1.1.1	278	top	0.000	268.691	0.000	358.691
Plate1.1.1	279	bottom	0.000	183.947	0.000	273.947
Plate1.1.1	279	top	0.000	91.910	0.000	181.910
Plate1.1.1	280	bottom	0.000	171.831	0.000	261.831
Plate1.1.1	280	top	0.000	265.937	0.000	355.937
Plate1.1.1	281	bottom	0.000	181.495	0.000	271.495
Plate1.1.1	281	top	0.000	90.735	0.000	180.735
Plate1.1.1	282	bottom	0.000	186.603	0.000	276.603
Plate1.1.1	282	top	0.000	93.168	0.000	183.168
Plate1.1.1	283	bottom	0.000	150.786	0.000	240.786
Plate1.1.1	283	top	0.000	253.095	0.000	343.095
Plate1.1.1	284	bottom	0.000	168.792	0.000	258.792
Plate1.1.1	284	top	0.000	264.520	0.000	354.520
Plate1.1.1	285	bottom	0.000	183.979	0.000	273.979
Plate1.1.1	285	top	0.000	91.919	0.000	181.919
Plate1.1.1	286	bottom	0.000	183.779	0.000	273.779
Plate1.1.1	286	top	0.000	91.810	0.000	181.810
Plate1.1.1	287	bottom	0.000	183.913	0.000	273.913
Plate1.1.1	287	top	0.000	91.883	0.000	181.883
Plate1.1.1	288	bottom	0.000	184.351	0.000	274.351
Plate1.1.1	288	top	0.000	92.083	0.000	182.083
Plate1.1.1	289	bottom	0.000	184.174	0.000	274.174
Plate1.1.1	289	top	0.000	91.999	0.000	181.999
Plate1.1.1	290	bottom	0.000	185.556	0.000	275.556
Plate1.1.1	290	top	0.000	92.664	0.000	182.664
Plate1.1.1	291	bottom	0.000	183.836	0.000	273.836
Plate1.1.1	291	top	0.000	91.844	0.000	181.844
Plate1.1.1	292	bottom	0.000	183.746	0.000	273.746
Plate1.1.1	292	top	0.000	91.797	0.000	181.797
Plate1.1.1	293	bottom	0.000	183.745	0.000	273.745
Plate1.1.1	293	top	0.000	91.795	0.000	181.795
Plate1.1.1	294	bottom	0.000	183.855	0.000	273.855
Plate1.1.1	294	top	0.000	91.846	0.000	181.846
Plate1.1.1	295	bottom	0.000	185.122	0.000	275.122
Plate1.1.1	295	top	0.000	92.454	0.000	182.454
Plate1.1.1	296	bottom	0.000	186.899	0.000	276.899
Plate1.1.1	296	top	0.000	93.316	0.000	183.316
Plate1.1.1	297	bottom	0.000	183.778	0.000	273.778
Plate1.1.1	297	top	0.000	91.813	0.000	181.813
Plate1.1.1	298	bottom	0.000	186.129	0.000	276.129
Plate1.1.1	298	top	0.000	92.941	0.000	182.941
Plate1.1.1	299	bottom	0.000	183.986	0.000	273.986
Plate1.1.1	299	top	0.000	91.908	0.000	181.908
Plate1.1.1	300	bottom	0.000	184.790	0.000	274.790
Plate1.1.1	300	top	0.000	92.294	0.000	182.294
Plate1.1.1	301	bottom	0.000	184.538	0.000	274.538
Plate1.1.1	301	top	0.000	92.173	0.000	182.173
Plate1.1.1	302	bottom	0.000	187.968	0.000	277.968
Plate1.1.1	302	top	0.000	93.839	0.000	183.839
Plate1.1.1	303	bottom	0.000	178.231	0.000	268.231
Plate1.1.1	303	top	0.000	269.123	0.000	359.123
Plate1.1.1	304	bottom	0.000	164.902	0.000	254.902
Plate1.1.1	304	top	0.000	262.093	0.000	352.093
Plate1.1.1	305	bottom	0.000	196.543	0.000	286.543
Plate1.1.1	305	top	0.000	98.294	0.000	188.294
Plate1.1.1	306	bottom	0.000	189.517	0.000	279.517
Plate1.1.1	306	top	0.000	94.609	0.000	184.609
Plate1.1.1	307	bottom	0.000	180.287	0.000	270.287
Plate1.1.1	307	top	0.000	90.147	0.000	180.147
Plate1.1.1	308	bottom	0.000	180.600	0.000	270.600
Plate1.1.1	308	top	0.000	90.294	0.000	180.294
Plate1.1.1	309	bottom	0.000	160.699	0.000	250.699
Plate1.1.1	309	top	0.000	259.773	0.000	349.773
Plate1.1.1	310	bottom	0.000	183.578	0.000	273.578
Plate1.1.1	310	top	0.000	91.741	0.000	181.741
Plate1.1.1	311	bottom	0.000	191.907	0.000	281.907
Plate1.1.1	311	top	0.000	95.825	0.000	185.825
Plate1.1.1	312	bottom	0.000	207.397	0.000	297.397
Plate1.1.1	312	top	0.000	104.346	0.000	194.346
Plate1.1.1	313	bottom	0.000	136.424	0.000	226.424
Plate1.1.1	313	top	0.000	242.042	0.000	332.042
Plate1.1.1	314	bottom	0.000	176.916	0.000	266.916
Plate1.1.1	314	top	0.000	268.384	0.000	358.384
Plate1.1.1	315	bottom	0.000	156.131	0.000	246.131
Plate1.1.1	315	top	0.000	256.998	0.000	346.998
Plate1.1.1	316	bottom	0.000	171.815	0.000	261.815
Plate1.1.1	316	top	0.000	265.974	0.000	355.974
Plate1.1.1	317	bottom	0.000	189.171	0.000	279.171
Plate1.1.1	317	top	0.000	94.421	0.000	184.421
Plate1.1.1	318	bottom	0.000	203.909	0.000	293.909
Plate1.1.1	318	top	0.000	102.673	0.000	192.673
Plate1.1.1	319	bottom	0.000	163.409	0.000	253.409
Plate1.1.1	319	top	0.000	261.721	0.000	351.721
Plate1.1.1	320	bottom	0.000	174.170	0.000	264.170
Plate1.1.1	320	top	0.000	267.097	0.000	357.097
Plate1.1.1	321	bottom	0.000	169.673	0.000	259.673
Plate1.1.1	321	top	0.000	264.597	0.000	354.597
Plate1.1.1	322	bottom	0.000	142.960	0.000	232.960
Plate1.1.1	322	top	0.000	246.500	0.000	336.500
Plate1.1.1	323	bottom	0.000	175.913	0.000	265.913
Plate1.1.1	323	top	0.000	267.917	0.000	357.917
Plate1.1.1	324	bottom	0.000	182.052	0.000	272.052
Plate1.1.1	324	top	0.000	91.006	0.000	181.006
Plate1.1.1	325	bottom	0.000	183.897	0.000	273.897
Plate1.1.1	325	top	0.000	91.871	0.000	181.871
Plate1.1.1	326	bottom	0.000	184.227	0.000	274.227
Plate1.1.1	326	top	0.000	92.022	0.000	182.022
Plate1.1.1	327	bottom	0.000	183.602	0.000	273.602
Plate1.1.1	327	top	0.000	91.725	0.000	181.725
Plate1.1.1	328	bottom	0.000	183.677	0.000	273.677
Plate1.1.1	328	top	0.000	91.762	0.000	181.762
Plate1.1.1	329	bottom	0.000	186.407	0.000	276.407
Plate1.1.1	329	top	0.000	93.075	0.000	183.075
Plate1.1.1	330	bottom	0.000	183.780	0.000	273.780
Plate1.1.1	330	top	0.000	91.813	0.000	181.813
Plate1.1.1	331	bottom	0.000	183.746	0.000	273.746
Plate1.1.1	331	top	0.000	91.792	0.000	181.792
Plate1.1.1	332	bottom	0.000	183.630	0.000	273.630
Plate1.1.1	332	top	0.000	91.736	0.000	181.736
Plate1.1.1	333	bottom	0.000	184.463	0.000	274.463
Plate1.1.1	333	top	0.000	92.136	0.000	182.136
Plate1.1.1	334	bottom	0.000	183.557	0.000	273.557
Plate1.1.1	334	top	0.000	91.703	0.000	181.703
Plate1.1.1	335	bottom	0.000	183.545	0.000	273.545
Plate1.1.1	335	top	0.000	91.696	0.000	181.696
Plate1.1.1	336	bottom	0.000	185.699	0.000	275.699
Plate1.1.1	336	top	0.000	92.732	0.000	182.732
Plate1.1.1	337	bottom	0.000	184.771	0.000	274.771
Plate1.1.1	337	top	0.000	92.284	0.000	182.284
Plate1.1.1	338	bottom	0.000	183.568	0.000	273.568
Plate1.1.1	338	top	0.000	91.707	0.000	181.707
Plate1.1.1	339	bottom	0.000	184.046	0.000	274.046
Plate1.1.1	339	top	0.000	91.935	0.000	181.935
Plate1.1.1	340	bottom	0.000	183.896	0.000	273.896
Plate1.1.1	340	top	0.000	91.864	0.000	181.864
Plate1.1.1	341	bottom	0.000	185.172	0.000	275.172
Plate1.1.1	341	top	0.000	92.477	0.000	182.477
Plate1.1.1	342	bottom	0.000	187.381	0.000	277.381
Plate1.1.1	342	top	0.000	93.550	0.000	183.550
Plate1.1.1	343	bottom	0.000	183.973	0.000	273.973
Plate1.1.1	343	top	0.000	91.910	0.000	181.910
Plate1.1.1	344	bottom	0.000	188.782	0.000	278.782
Plate1.1.1	344	top	0.000	94.241	0.000	184.241
Plate1.1.1	345	bottom	0.000	160.210	0.000	250.210
Plate1.1.1	345	top	0.000	259.718	0.000	349.718
Plate1.1.1	346	bottom	0.000	183.984	0.000	273.984
Plate1.1.1	346	top	0.000	91.994	0.000	181.994
Plate1.1.1	347	bottom	0.000	163.614	0.000	253.614
Plate1.1.1	347	top	0.000	261.591	0.000	351.591
Plate1.1.1	348	bottom	0.000	169.652	0.000	259.652
Plate1.1.1	348	top	0.000	264.823	0.000	354.823
Plate1.1.1	349	bottom	0.000	184.392	0.000	274.392
Plate1.1.1	349	top	0.000	92.255	0.000	182.255
Plate1.1.1	350	bottom	0.000	150.439	0.000	240.439
Plate1.1.1	350	top	0.000	253.002	0.000	343.002
Plate1.1.1	351	bottom	0.000	195.896	0.000	285.896
Plate1.1.1	351	top	0.000	97.956	0.000	187.956
Plate1.1.1	352	bottom	0.000	184.642	0.000	274.642
Plate1.1.1	352	top	0.000	92.393	0.000	182.393
Plate1.1.1	353	bottom	0.000	183.805	0.000	273.805
Plate1.1.1	353	top	0.000	91.832	0.000	181.832
Plate1.1.1	354	bottom	0.000	190.925	0.000	280.925
Plate1.1.1	354	top	0.000	95.319	0.000	185.319
Plate1.1.1	355	bottom	0.000	187.274	0.000	277.274
Plate1.1.1	355	top	0.000	93.749	0.000	183.749
Plate1.1.1	356	bottom	0.000	195.273	0.000	285.273
Plate1.1.1	356	top	0.000	97.465	0.000	187.465
Plate1.1.1	357	bottom	0.000	156.296	0.000	246.296
Plate1.1.1	357	top	0.000	257.358	0.000	347.358
Plate1.1.1	358	bottom	0.000	175.772	0.000	265.772
Plate1.1.1	358	top	0.000	267.769	0.000	357.769
Plate1.1.1	359	bottom	0.000	152.140	0.000	242.140
Plate1.1.1	359	top	0.000	255.157	0.000	345.157
Plate1.1.1	360	bottom	0.000	182.455	0.000	272.455
Plate1.1.1	360	top	0.000	91.225	0.000	181.225
Plate1.1.1	361	bottom	0.000	170.468	0.000	260.468
Plate1.1.1	361	top	0.000	265.215	0.000	355.215
Plate1.1.1	362	bottom	0.000	157.156	0.000	247.156
Plate1.1.1	362	top	0.000	255.546	0.000	345.546
Plate1.1.1	363	bottom	0.000	187.100	0.000	277.100
Plate1.1.1	363	top	0.000	93.821	0.000	183.821
Plate1.1.1	364	bottom	0.000	192.097	0.000	282.097
Plate1.1.1	364	top	0.000	96.531	0.000	186.531
Plate1.1.1	365	bottom	0.000	167.765	0.000	257.765
Plate1.1.1	365	top	0.000	263.755	0.000	353.755
Plate1.1.1	366	bottom	0.000	202.986	0.000	292.986
Plate1.1.1	366	top	0.000	102.171	0.000	192.171
Plate1.1.1	367	bottom	0.000	143.283	0.000	233.283
Plate1.1.1	367	top	0.000	246.839	0.000	336.839
Plate1.1.1	368	bottom	0.000	198.052	0.000	288.052
Plate1.1.1	368	top	0.000	100.314	0.000	190.314
Plate1.1.1	369	bottom	0.000	181.620	0.000	271.620
Plate1.1.1	369	top	0.000	90.845	0.000	180.845
Plate1.1.1	370	bottom	0.000	182.616	0.000	272.616
Plate1.1.1	370	top	0.000	91.261	0.000	181.261
Plate1.1.1	371	bottom	0.000	167.593	0.000	257.593
Plate1.1.1	371	top	0.000	263.639	0.000	353.639
Plate1.1.1	372	bottom	0.000	194.491	0.000	284.491
Plate1.1.1	372	top	0.000	97.188	0.000	187.188
Plate1.1.1	373	bottom	0.000	151.246	0.000	241.246
Plate1.1.1	373	top	0.000	253.880	0.000	343.880
Plate1.1.1	374	bottom	0.000	173.290	0.000	263.290
Plate1.1.1	374	top	0.000	266.633	0.000	356.633
Plate1.1.1	375	bottom	0.000	187.369	0.000	277.369
Plate1.1.1	375	top	0.000	93.913	0.000	183.913
Plate1.1.1	376	bottom	0.000	168.954	0.000	258.954
Plate1.1.1	376	top	0.000	264.268	0.000	354.268
Plate1.1.1	377	bottom	0.000	178.948	0.000	268.948
Plate1.1.1	377	top	0.000	269.494	0.000	359.494
Plate1.1.1	378	bottom	0.000	173.442	0.000	263.442
Plate1.1.1	378	top	0.000	266.597	0.000	356.597
Plate1.1.1	379	bottom	0.000	216.792	0.000	306.792
Plate1.1.1	379	top	0.000	114.666	0.000	204.666
Plate1.1.1	380	bottom	0.000	200.905	0.000	290.905
Plate1.1.1	380	top	0.000	100.905	0.000	190.905
Plate1.1.1	381	bottom	0.000	144.897	0.000	234.897
Plate1.1.1	381	top	0.000	248.490	0.000	338.490
Plate1.1.1	382	bottom	0.000	186.015	0.000	276.015
Plate1.1.1	382	top	0.000	92.885	0.000	182.885
Plate1.1.1	383	bottom	0.000	184.818	0.000	274.818
Plate1.1.1	383	top	0.000	92.306	0.000	182.306
Plate1.1.1	384	bottom	0.000	165.158	0.000	255.158
Plate1.1.1	384	top	0.000	262.086	0.000	352.086
Plate1.1.1	385	bottom	0.000	188.045	0.000	278.045
Plate1.1.1	385	top	0.000	93.882	0.000	183.882
Plate1.1.1	386	bottom	0.000	184.043	0.000	274.043
Plate1.1.1	386	top	0.000	91.933	0.000	181.933
Plate1.1.1	387	bottom	0.000	132.227	0.000	222.227
Plate1.1.1	387	top	0.000	237.303	0.000	327.303
Plate1.1.1	388	bottom	0.000	217.740	0.000	307.740
Plate1.1.1	388	top	0.000	111.701	0.000	201.701
Plate1.1.1	389	bottom	0.000	191.893	0.000	281.893
Plate1.1.1	389	top	0.000	95.849	0.000	185.849
Plate1.1.1	390	bottom	0.000	182.597	0.000	272.597
Plate1.1.1	390	top	0.000	91.385	0.000	181.385
Plate1.1.1	391	bottom	0.000	197.889	0.000	287.889
Plate1.1.1	391	top	0.000	99.135	0.000	189.135
Plate1.1.1	392	bottom	0.000	183.505	0.000	273.505
Plate1.1.1	392	top	0.000	91.675	0.000	181.675
Plate1.1.1	393	bottom	0.000	170.481	0.000	260.481
Plate1.1.1	393	top	0.000	263.307	0.000	353.307
Plate1.1.1	394	bottom	0.000	202.695	0.000	292.695
Plate1.1.1	394	top	0.000	103.597	0.000	193.597
Plate1.1.1	395	bottom	0.000	192.883	0.000	282.883
Plate1.1.1	395	top	0.000	97.268	0.000	187.268
Plate1.1.1	396	bottom	0.000	188.268	0.000	278.268
Plate1.1.1	396	top	0.000	94.637	0.000	184.637
Plate1.1.1	397	bottom	0.000	183.117	0.000	273.117
Plate1.1.1	397	top	0.000	91.488	0.000	181.488
Plate1.1.1	398	bottom	0.000	182.827	0.000	272.827
Plate1.1.1	398	top	0.000	91.350	0.000	181.350
Plate1.1.1	399	bottom	0.000	222.956	0.000	312.956
Plate1.1.1	399	top	0.000	115.903	0.000	205.903
Plate1.1.1	400	bottom	0.000	205.129	0.000	295.129
Plate1.1.1	400	top	0.000	105.585	0.000	195.585
Plate1.1.1	401	bottom	0.000	185.220	0.000	275.220
Plate1.1.1	401	top	0.000	93.147	0.000	183.147
Plate1.1.1	402	bottom	0.000	172.536	0.000	262.536
Plate1.1.1	402	top	0.000	266.234	0.000	356.234
Plate1.1.1	403	bottom	0.000	182.607	0.000	272.607
Plate1.1.1	403	top	0.000	91.245	0.000	181.245
Plate1.1.1	404	bottom	0.000	150.197	0.000	240.197
Plate1.1.1	404	top	0.000	253.000	0.000	343.000
Plate1.1.1	405	bottom	0.000	203.650	0.000	293.650
Plate1.1.1	405	top	0.000	104.462	0.000	194.462
Plate1.1.1	406	bottom	0.000	182.439	0.000	272.439
Plate1.1.1	406	top	0.000	91.164	0.000	181.164
Plate1.1.1	407	bottom	0.000	186.566	0.000	276.566
Plate1.1.1	407	top	0.000	93.794	0.000	183.794
Plate1.1.1	408	bottom	0.000	156.015	0.000	246.015
Plate1.1.1	408	top	0.000	257.194	0.000	347.194
Plate1.1.1	409	bottom	0.000	182.309	0.000	272.309
Plate1.1.1	409	top	0.000	91.102	0.000	181.102
Plate1.1.1	410	bottom	0.000	176.119	0.000	266.119
Plate1.1.1	410	top	0.000	267.941	0.000	357.941
Plate1.1.1	411	bottom	0.000	175.041	0.000	265.041
Plate1.1.1	411	top	0.000	267.249	0.000	357.249
Plate1.1.1	412	bottom	0.000	133.790	0.000	223.790
Plate1.1.1	412	top	0.000	238.428	0.000	328.428
Plate1.1.1	413	bottom	0.000	217.433	0.000	307.433
Plate1.1.1	413	top	0.000	111.549	0.000	201.549
Plate1.1.1	414	bottom	0.000	182.200	0.000	272.200
Plate1.1.1	414	top	0.000	91.050	0.000	181.050
Plate1.1.1	415	bottom	0.000	182.106	0.000	272.106
Plate1.1.1	415	top	0.000	91.005	0.000	181.005
Plate1.1.1	416	bottom	0.000	145.561	0.000	235.561
Plate1.1.1	416	top	0.000	248.652	0.000	338.652
Plate1.1.1	417	bottom	0.000	164.641	0.000	254.641
Plate1.1.1	417	top	0.000	261.250	0.000	351.250
Plate1.1.1	418	bottom	0.000	159.417	0.000	249.417
Plate1.1.1	418	top	0.000	257.663	0.000	347.663
Plate1.1.1	419	bottom	0.000	171.325	0.000	261.325
Plate1.1.1	419	top	0.000	264.980	0.000	354.980
Plate1.1.1	420	bottom	0.000	182.049	0.000	272.049
Plate1.1.1	420	top	0.000	90.978	0.000	180.978
Plate1.1.1	421	bottom	0.000	161.486	0.000	251.486
Plate1.1.1	421	top	0.000	260.614	0.000	350.614
Plate1.1.1	422	bottom	0.000	181.997	0.000	271.997
Plate1.1.1	422	top	0.000	90.953	0.000	180.953
Plate1.1.1	423	bottom	0.000	175.553	0.000	265.553
Plate1.1.1	423	top	0.000	267.307	0.000	357.307
Plate1.1.1	424	bottom	0.000	170.974	0.000	260.974
Plate1.1.1	424	top	0.000	264.313	0.000	354.313
Plate1.1.1	425	bottom	0.000	181.965	0.000	271.965
Plate1.1.1	425	top	0.000	90.938	0.000	180.938
Plate1.1.1	426	bottom	0.000	156.511	0.000	246.511
Plate1.1.1	426	top	0.000	256.105	0.000	346.105
Plate1.1.1	427	bottom	0.000	165.533	0.000	255.533
Plate1.1.1	427	top	0.000	261.289	0.000	351.289
Plate1.1.1	428	bottom	0.000	161.562	0.000	251.562
Plate1.1.1	428	top	0.000	258.549	0.000	348.549
Plate1.1.1	429	bottom	0.000	182.055	0.000	272.055
Plate1.1.1	429	top	0.000	91.214	0.000	181.214
Plate1.1.1	430	bottom	0.000	181.955	0.000	271.955
Plate1.1.1	430	top	0.000	90.933	0.000	180.933
Plate1.1.1	431	bottom	0.000	165.319	0.000	255.319
Plate1.1.1	431	top	0.000	262.725	0.000	352.725
Plate1.1.1	432	bottom	0.000	172.541	0.000	262.541
Plate1.1.1	432	top	0.000	0.000	0.000	0.000
Plate1.1.1	433	bottom	0.000	181.965	0.000	271.965
Plate1.1.1	433	top	0.000	90.938	0.000	180.938
Plate1.1.1	434	bottom	0.000	209.326	0.000	299.326
Plate1.1.1	434	top	0.000	106.898	0.000	196.898
Plate1.1.1	435	bottom	0.000	135.664	0.000	225.664
Plate1.1.1	435	top	0.000	239.562	0.000	329.562
Plate1.1.1	436	bottom	0.000	215.876	0.000	305.876
Plate1.1.1	436	top	0.000	110.667	0.000	200.667
Plate1.1.1	437	bottom	0.000	139.660	0.000	229.660
Plate1.1.1	437	top	0.000	242.610	0.000	332.610
Plate1.1.1	438	bottom	0.000	181.993	0.000	271.993
Plate1.1.1	438	top	0.000	90.951	0.000	180.951
Plate1.1.1	439	bottom	0.000	182.039	0.000	272.039
Plate1.1.1	439	top	0.000	90.973	0.000	180.973
Plate1.1.1	440	bottom	0.000	182.102	0.000	272.102
Plate1.1.1	440	top	0.000	91.003	0.000	181.003
Plate1.1.1	441	bottom	0.000	167.899	0.000	257.899
Plate1.1.1	441	top	0.000	264.068	0.000	354.068
Plate1.1.1	442	bottom	0.000	182.174	0.000	272.174
Plate1.1.1	442	top	0.000	91.038	0.000	181.038
Plate1.1.1	443	bottom	0.000	181.923	0.000	271.923
Plate1.1.1	443	top	0.000	90.919	0.000	180.919
Plate1.1.1	444	bottom	0.000	182.225	0.000	272.225
Plate1.1.1	444	top	0.000	91.063	0.000	181.063
Plate1.1.1	445	bottom	0.000	183.855	0.000	273.855
Plate1.1.1	445	top	0.000	92.115	0.000	182.115
Plate1.1.1	446	bottom	0.000	200.505	0.000	290.505
Plate1.1.1	446	top	0.000	102.489	0.000	192.489
Plate1.1.1	447	bottom	0.000	167.499	0.000	257.499
Plate1.1.1	447	top	0.000	263.226	0.000	353.226
Plate1.1.1	448	bottom	0.000	182.179	0.000	272.179
Plate1.1.1	448	top	0.000	91.041	0.000	181.041
Plate1.1.1	449	bottom	0.000	195.440	0.000	285.440
Plate1.1.1	449	top	0.000	99.305	0.000	189.305
Plate1.1.1	450	bottom	0.000	211.501	0.000	301.501
Plate1.1.1	450	top	0.000	109.490	0.000	199.490
Plate1.1.1	451	bottom	0.000	136.763	0.000	226.763
Plate1.1.1	451	top	0.000	240.044	0.000	330.044
Plate1.1.1	452	bottom	0.000	214.551	0.000	304.551
Plate1.1.1	452	top	0.000	109.988	0.000	199.988
Plate1.1.1	453	bottom	0.000	146.882	0.000	236.882
Plate1.1.1	453	top	0.000	249.725	0.000	339.725
Plate1.1.1	454	bottom	0.000	169.825	0.000	259.825
Plate1.1.1	454	top	0.000	265.038	0.000	355.038
Plate1.1.1	455	bottom	0.000	134.641	0.000	224.641
Plate1.1.1	455	top	0.000	241.502	0.000	331.502
Plate1.1.1	456	bottom	0.000	129.537	0.000	219.537
Plate1.1.1	456	top	0.000	237.919	0.000	327.919
Plate1.1.1	457	bottom	0.000	171.575	0.000	261.575
Plate1.1.1	457	top	0.000	265.713	0.000	355.713
Plate1.1.1	458	bottom	0.000	163.160	0.000	253.160
Plate1.1.1	458	top	0.000	261.738	0.000	351.738
Plate1.1.1	459	bottom	0.000	181.516	0.000	271.516
Plate1.1.1	459	top	0.000	90.741	0.000	180.741
Plate1.1.1	460	bottom	0.000	150.073	0.000	240.073
Plate1.1.1	460	top	0.000	251.638	0.000	341.638
Plate1.1.1	461	bottom	0.000	131.702	0.000	221.702
Plate1.1.1	461	top	0.000	239.422	0.000	329.422
Plate1.1.1	462	bottom	0.000	133.536	0.000	223.536
Plate1.1.1	462	top	0.000	240.827	0.000	330.827
Plate1.1.1	463	bottom	0.000	171.685	0.000	261.685
Plate1.1.1	463	top	0.000	265.959	0.000	355.959
Plate1.1.1	464	bottom	0.000	213.515	0.000	303.515
Plate1.1.1	464	top	0.000	109.517	0.000	199.517
Plate1.1.1	465	bottom	0.000	137.309	0.000	227.309
Plate1.1.1	465	top	0.000	240.172	0.000	330.172
Plate1.1.1	466	bottom	0.000	211.313	0.000	301.313
Plate1.1.1	466	top	0.000	108.430	0.000	198.430
Plate1.1.1	467	bottom	0.000	138.441	0.000	228.441
Plate1.1.1	467	top	0.000	240.954	0.000	330.954
Plate1.1.1	468	bottom	0.000	212.524	0.000	302.524
Plate1.1.1	468	top	0.000	109.084	0.000	199.084
Plate1.1.1	469	bottom	0.000	137.741	0.000	227.741
Plate1.1.1	469	top	0.000	240.337	0.000	330.337
Plate1.1.1	470	bottom	0.000	161.876	0.000	251.876
Plate1.1.1	470	top	0.000	259.848	0.000	349.848
Plate1.1.1	471	bottom	0.000	158.491	0.000	248.491
Plate1.1.1	471	top	0.000	257.648	0.000	347.648
Plate1.1.1	472	bottom	0.000	151.422	0.000	241.422
Plate1.1.1	472	top	0.000	252.667	0.000	342.667
Plate1.1.1	473	bottom	0.000	233.755	0.000	323.755
Plate1.1.1	473	top	0.000	129.091	0.000	219.091
Plate1.1.1	474	bottom	0.000	234.116	0.000	324.116
Plate1.1.1	474	top	0.000	125.399	0.000	215.399
Plate1.1.1	475	bottom	0.000	206.212	0.000	296.212
Plate1.1.1	475	top	0.000	105.023	0.000	195.023
Plate1.1.1	476	bottom	0.000	230.888	0.000	320.888
Plate1.1.1	476	top	0.000	128.562	0.000	218.562
Plate1.1.1	477	bottom	0.000	199.744	0.000	289.744
Plate1.1.1	477	top	0.000	101.457	0.000	191.457
Plate1.1.1	478	bottom	0.000	218.305	0.000	308.305
Plate1.1.1	478	top	0.000	116.668	0.000	206.668
Plate1.1.1	479	bottom	0.000	222.014	0.000	312.014
Plate1.1.1	479	top	0.000	124.018	0.000	214.018

Shell, Crack width, Load comb.: Rotation
ID	Elem	Face	Width 1	Direction 1	Width 2	Direction 2
[-]	[-]	[-]	[m]	[°]	[m]	[°]

